
------------Instructor Table ------------
insert into Instructor (idIns,InstructorAccount, InstuctorName , Birthdate,IDManager) values (1,'AhmedMamdoh@gmail.com','Ahmed Mamdoh','1/1/1985',1) 
insert into Instructor (idIns,InstructorAccount, InstuctorName , Birthdate,IDManager) values (2,'AbanoubNabil@gmail.com','Abanob','1/1/1990',1) 
insert into Instructor (idIns,InstructorAccount, InstuctorName , Birthdate,IDManager) values (3,'HanySaad@gmail.com','Hany','1/1/1983',1) 
insert into Instructor (idIns,InstructorAccount ,InstuctorName , Birthdate,IDManager) values (4,'Chirsten@gmail.com','chirstian','1/1/1990',1) 
insert into Instructor (idIns,InstructorAccount, InstuctorName , Birthdate,IDManager) values (5,'josphen@gmail.com','Josphen','1/1/1960',1) 
insert into Instructor (idIns,InstructorAccount, InstuctorName , Birthdate,IDManager) values (6,'ShymaaAshraf@gmail.com', 'Shymaa','3/22/1998',1) 
insert into Instructor (idIns,InstructorAccount, InstuctorName , Birthdate,IDManager) values (7,'MarwaMahmoud@gmail.com','Marwa' ,'12/12/1998',1) 
insert into Instructor (idIns,InstructorAccount, InstuctorName , Birthdate,IDManager) values (8,'MonaMahmoud@gmail.com','Mona' , '1/10/1998',1) 
insert into Instructor (idIns,InstructorAccount, InstuctorName , Birthdate,IDManager) values (9,'RehamAbdo@gmail.com','Reham' , '1/12/1998',1) 
insert into Instructor (idIns,InstructorAccount, InstuctorName , Birthdate,IDManager) values (12,'AymanAyad@gmail.com','Ayman Mohammed','1/12/1998',2)
insert into Instructor (idIns,InstructorAccount, InstuctorName , Birthdate,IDManager) values (13,'Ahmedddd@gmail.com','Ahmedddd','1/12/1998',2)

select * from Instructor

------------Instructor Phone Tabel ------------
insert into InstructorPhone(idInstructor,phone) values(1,'01111079625')
insert into InstructorPhone(idInstructor,phone) values(1,'01028549098')
insert into InstructorPhone(idInstructor,phone) values(1,'01008947748')
insert into InstructorPhone(idInstructor,phone) values(2,'01116507559')
insert into InstructorPhone(idInstructor,phone) values(2,'01115834532')
insert into InstructorPhone(idInstructor,phone) values(3,'01021009947')
insert into InstructorPhone(idInstructor,phone) values(3,'01285345321')
insert into InstructorPhone(idInstructor,phone) values(4,'01008947748')
insert into InstructorPhone(idInstructor,phone) values(4,'01007077895')
insert into InstructorPhone(idInstructor,phone) values(5,'01275685728')
insert into InstructorPhone(idInstructor,phone) values(5,'01007077895')
insert into InstructorPhone(idInstructor,phone) values(2,'01020923695')
insert into InstructorPhone(idInstructor,phone) values(2,'01000000000')
insert into InstructorPhone(idInstructor,phone) values(4,'01111111111')


-------------Student Phone Tabel ------------
insert into StudentPhone(idStudent,phone) values (1,'0111107925')
insert into StudentPhone(idStudent,phone) values (2,'01028570571')
insert into StudentPhone(idStudent,phone) values (1,'01099979912')
insert into StudentPhone(idStudent,phone) values (2,'01212625568')
insert into StudentPhone(idStudent,phone) values (1,'01097205593')
insert into StudentPhone(idStudent,phone) values (1,'01143698046')
insert into StudentPhone(idStudent,phone) values (2,'01012963649')
insert into StudentPhone(idStudent,phone) values (3,'01006607879')
insert into StudentPhone(idStudent,phone) values (3,'01102541660')
insert into StudentPhone(idStudent,phone) values (4,'01023634147')
insert into StudentPhone(idStudent,phone) values (5,'01028570111')
insert into StudentPhone(idStudent,phone) values (6,'01023634147')
insert into StudentPhone(idStudent,phone) values (7,'01110921812')
insert into StudentPhone(idStudent,phone) values (8,'01023634147')
insert into StudentPhone(idStudent,phone) values (8,'01026683076')
insert into StudentPhone(idStudent,phone) values (9,'01023634000')
insert into StudentPhone(idStudent,phone) values (9,'01111111111')
insert into StudentPhone(idStudent,phone) values (9,'01111111111')
insert into StudentPhone(idStudent,phone) values (20,'0108634000')
insert into StudentPhone(idStudent,phone) values (19,'0199994000')


----------Student Tabel---------------
insert into Student (idStud ,studentAccount, StudentName ,BirthDate,Id_intake,id_track) values (1,'nada@gmail.com','Nada' ,'1/12/1998',1,1 )
insert into Student (idStud ,studentAccount, StudentName ,BirthDate,Id_intake,id_track) values (2,'fatma@gmail.com','Fatma' ,'1/12/1998',2,2 )
insert into Student (idStud ,studentAccount, StudentName ,BirthDate,Id_intake,id_track) values (3,'Israa@gmail.com','Issra' ,'1/12/1998',3 ,3)
insert into Student (idStud ,studentAccount ,StudentName ,BirthDate,Id_intake,id_track) values (4,'angham@gmail.com','Angham' ,'1/12/1998',4 ,4)
insert into Student (idStud ,studentAccount, StudentName ,BirthDate,Id_intake,id_track) values (5,'kerols@gmail.com','kerolus' ,'1/12/1998',5,5 )
insert into Student (idStud ,studentAccount, StudentName ,BirthDate,Id_intake,id_track) values (6,'walaa@gmail.com','Walaa' ,'1/12/1998',6,6 )
insert into Student (idStud ,studentAccount, StudentName ,BirthDate,Id_intake,id_track) values (7,'mai@gmail.com','Mai' ,'1/12/1998',7,7 )
insert into Student (idStud ,studentAccount, StudentName ,BirthDate,Id_intake,id_track) values (8,'ahmed@gmail.com','Ahmed' ,'1/12/1998',8,8 )
insert into Student (idStud ,studentAccount, StudentName ,BirthDate,Id_intake,id_track) values (9,'mohamed@gmail.com','Mohamed' ,'1/12/1998',9,9 )
insert into Student (idStud ,studentAccount, StudentName ,BirthDate,Id_intake,id_track) values (10,'doaa@gmail.com','Doaa' ,'1/12/1998',1,10 )
insert into Student (idStud ,studentAccount, StudentName ,BirthDate,Id_intake,id_track) values (11,'bahy@gmail.com','Bahy' ,'1/12/1998',2,1 )
insert into Student (idStud ,studentAccount, StudentName ,BirthDate,Id_intake,id_track) values (12,'nawal@gmail.com','Nawal' ,'1/12/1998',3,2 )
insert into Student (idStud ,studentAccount, StudentName ,BirthDate,Id_intake,id_track) values (13,'noor@gmail.com','Noor' ,'1/12/1998',4,3 )
insert into Student (idStud ,studentAccount, StudentName ,BirthDate,Id_intake,id_track) values (14,'eman@gmail.com','Eman' ,'1/12/1998',5,4 )
insert into Student (idStud ,studentAccount, StudentName ,BirthDate,Id_intake,id_track) values (15,'nessma@gmail.com','Nessma' ,'1/12/1998',6,5 )
insert into Student (idStud ,studentAccount, StudentName ,BirthDate,Id_intake,id_track) values (16,'manar@gmail.com','Manar' ,'1/2/1998',7,6 )
insert into Student (idStud ,studentAccount, StudentName ,BirthDate,Id_intake,id_track) values (17,'safaa@gmail.com','Safaa Mahmoud' ,'1/12/1998',8,7 )
insert into Student (idStud ,studentAccount, StudentName ,BirthDate,Id_intake,id_track) values (18,'ashraf@gmail.com','Ashraf' ,'1/3/1998',9 ,8)
insert into Student (idStud ,studentAccount, StudentName ,BirthDate,Id_intake,id_track) values (19,'shady@gmail.com','Shady' ,'1/4/1998',9,10 )
insert into Student (idStud ,studentAccount, StudentName ,BirthDate,Id_intake,id_track) values (20,'keroulssamy@gmail.com','kerolus Samy' ,'1/5/1997',1,9 )
insert into Student (idStud ,studentAccount, StudentName ,BirthDate,Id_intake,id_track) values (21,'amr@gmail.com','Amr Abd Elbaset' ,'1/6/1996',1,1 )


------------Allowance Option Tabel -------------
insert into AllowanceOptionExam (idAllowanceExam,AllownceOption) values 
(1,'Use Internet'),(1,'Use Calculator'),(2,'Use Internet'),(2,'Use Calculator'),
(3,'Open Book'),(4,'Use Internet'),(4,'Open Book'),(5,'Use Calculator'),
(6,'Open Book'),(7,'Open Book'),(8,'Use Calculator'),(8,'Open Book'),
(9,'Open Book'),(10,'Use Internet'),(10,'Open Book'),(11,'Use Calculator'),
(12,'Open Book')



---------------Exam Tabel--------------------------
insert into Exam (idExam,ExamName,StartTime,EndTime,TotalTime,ExamYear) values(1,'XML','9:00:00' ,'9:30:00' , '00:30:00', 2016)
insert into Exam (idExam,ExamName,StartTime,EndTime,TotalTime,ExamYear) values(2,'DS','9:00:00' ,'10:30:00' , '01:30:00', 2018)
insert into Exam (idExam,ExamName,StartTime,EndTime,TotalTime,ExamYear) values(3,'OS','9:00:00' ,'10:30:00' , '01:30:00', 2019)
insert into Exam (idExam,ExamName,StartTime,EndTime,TotalTime,ExamYear) values(4,'Responsive','9:00:00' ,'10:30:00' , '01:30:00', 2016)
insert into Exam (idExam,ExamName,StartTime,EndTime,TotalTime,ExamYear) values(5,'JQ','9:00:00' ,'10:30:00' , '01:30:00', 2017)
insert into Exam (idExam,ExamName,StartTime,EndTime,TotalTime,ExamYear) values(6,'DM','9:00:00' ,'10:30:00' , '01:30:00', 2020)
insert into Exam (idExam,ExamName,StartTime,EndTime,TotalTime,ExamYear) values(7,'DB','9:00:00' ,'10:30:00' , '01:30:00', 2020)
insert into Exam (idExam,ExamName,StartTime,EndTime,TotalTime,ExamYear) values(8,'JS','9:00:00' ,'10:30:00' , '01:30:00', 2018)
insert into Exam (idExam,ExamName,StartTime,EndTime,TotalTime,ExamYear) values(9,'CSS','9:00:00' ,'10:30:00' , '01:30:00', 2018)
insert into Exam (idExam,ExamName,StartTime,EndTime,TotalTime,ExamYear) values(10,'HTML','9:00:00' ,'10:30:00' , '01:30:00', 2019)
insert into Exam (idExam,ExamName,StartTime,EndTime,TotalTime,ExamYear) values(11,'OOP','9:00:00' ,'10:30:00' , '01:30:00', 2020)
insert into Exam (idExam,ExamName,StartTime,EndTime,TotalTime,ExamYear) values(12,'SWE','9:00:00' ,'10:30:00' , '01:30:00', 2020)
insert into Exam (idExam,ExamName,StartTime,EndTime,TotalTime,ExamYear) values(13,'C#','9:00:00' ,'10:30:00' , '01:30:00', 2020)
insert into Exam (idExam,ExamName,StartTime,EndTime,TotalTime,ExamYear) values(14,'C++','9:00:00' ,'10:30:00' , '01:30:00', 2020)
insert into Exam (idExam,ExamName,StartTime,EndTime,TotalTime,ExamYear) values(15,'C','9:00:00' ,'10:30:00' , '01:30:00', 2020)



--------------Course Tabel-----------
insert into Course (idCourse,CourseName,MinDegree,MaxDegree,Cousredescription) values (1,'C#', 80 ,100 ,'C# is designed from the ground up for development on Microsofts new .NET framework. As such, it is a high-performance language that is simple, safe, object-oriented, and Internet-centric')
insert into Course (idCourse,CourseName,MinDegree,MaxDegree,Cousredescription) values (2,'OS', 80 ,100 ,'os A book covering the fundamentals of operating systems, including virtualization of the CPU and memory, threads and concurrency, and file and storage systems.')
insert into Course (idCourse,CourseName,MinDegree,MaxDegree,Cousredescription) values (3,'C++', 70 ,100 ,'The new C++11 standard allows programmers to express ideas more clearly, simply, and directly, and to write faster, more efficient code. Bjarne Stroustrup, the designer and original implementer of C++')
insert into Course (idCourse,CourseName,MinDegree,MaxDegree,Cousredescription) values (4,'C', 50 ,100  ,'C is a general-purpose programming language that is extremely popular, simple, and flexible. It is machine-independent, structured programming language which is used extensively in various applications')
insert into Course (idCourse,CourseName,MinDegree,MaxDegree,Cousredescription) values (5,'OOP', 70 ,100  ,'The OOP or Object Oriented Programming is one of the most popular programming paradigms which helps you to organize code in the real-world system.')
insert into Course (idCourse,CourseName,MinDegree,MaxDegree,Cousredescription) values (6,'SWE', 80 ,100  ,'Software Engineering: Architecture-driven Software Development is the first comprehensive guide to the underlying skills embodied in the IEEEs Software Engineering Body of Knowled')
insert into Course (idCourse,CourseName,MinDegree,MaxDegree,Cousredescription) values (7,'HTML', 80 ,100  ,'Hypertext Markup Language (HTML) is the standard markup language for documents designed to be displayed in a web browser')
insert into Course (idCourse,CourseName,MinDegree,MaxDegree,Cousredescription) values (8,'SQL', 80 ,100  ,'SQL is Structured Query Language, which is a computer language for storing, manipulating and retrieving data stored in a relational database')
insert into Course (idCourse,CourseName,MinDegree,MaxDegree,Cousredescription) values (9,'DM', 80 ,100  ,'Data mining analyzes massive volumes of data to discover insights that help businesses solve problems, mitigate risks, or seize new opportunities')
insert into Course (idCourse,CourseName,MinDegree,MaxDegree,Cousredescription) values (10,'DB', 80 ,100  ,'A database is an organized collection of data, generally stored and accessed electronically from a computer system.	')
insert into Course (idCourse,CourseName,MinDegree,MaxDegree,Cousredescription) values (11,'JQ', 80 ,100  ,'jQuery is a JavaScript library designed to simplify HTML DOM tree traversal and manipulation, as well as event handling, CSS animation, and Ajax')
insert into Course (idCourse,CourseName,MinDegree,MaxDegree,Cousredescription) values (12,'XML', 80 ,100  ,'Extensible Markup Language (XML) is a markup language that defines a set of rules for encoding documents in a format that is both human-readable and machine-readable.')


-----------Branch Tabel -----------
insert into Branch(IDBranch,NameBranch,Address) values(1,'Assiut Branch', 'Assuit University Network Information Building, Assuit')
insert into Branch(IDBranch,NameBranch,Address) values(2,'Cairo Branch', 'B148, Smart Village - 28 Km by Cairo / Alexandria Desert, 6 October, Giza Governorate 12563')
insert into Branch(IDBranch,NameBranch,Address) values(3,'Madinet Nasr Branch', 'Al Golf, Qesm Than Madinet Nasr, Cairo Governorate')
insert into Branch(IDBranch,NameBranch,Address) values(4,'ITI Suez Canal Branch Branch', ' El Sheikh Zayed, Ismalia Third, Ismailia Governorate')
insert into Branch(IDBranch,NameBranch,Address) values(5,'Mansoura Branch', N' 60 ‘ «·Ã„ÂÊ—Ì…° Mit Khamis WA Kafr Al Mougi, Mansoura, Dakahlia Governorate')
insert into Branch(IDBranch,NameBranch,Address) values(6,'Alexandiria Branch', '1 Mahmoud Salamah, Kom Ad Dakah Gharb, Al Attarin, Alexandria Governorate')
insert into Branch(IDBranch,NameBranch,Address) values(7,'Minia Branch', 'Minia University Network Information Building, Minia')


----------Track Tabel -------------
insert into Track (IDTrack,TrackName,NumberOfMonths,ID_Dept) values (1,'System Development',9,1)
insert into Track (IDTrack,TrackName,NumberOfMonths,ID_Dept) values (2,'Software Engineering and Deve;opment',9,2)
insert into Track (IDTrack,TrackName,NumberOfMonths,ID_Dept) values (3,'Information System',9,3)
insert into Track (IDTrack,TrackName,NumberOfMonths,ID_Dept) values (4,'Game Development',9,1)
insert into Track (IDTrack,TrackName,NumberOfMonths,ID_Dept) values (5,'Industrial Systema',9,1)
insert into Track (IDTrack,TrackName,NumberOfMonths,ID_Dept) values (6,'UI/UX Design',3,2)
insert into Track (IDTrack,TrackName,NumberOfMonths,ID_Dept) values (7,'2D Graphics',3,3)
insert into Track (IDTrack,TrackName,NumberOfMonths,ID_Dept) values (8,'Motion Graphics',3,2)
insert into Track (IDTrack,TrackName,NumberOfMonths,ID_Dept) values (9,'Cypher Security Associate',3,3)
insert into Track (IDTrack,TrackName,NumberOfMonths,ID_Dept) values (10,' Linux Adminstrator',3,2)


---------------Department Tabel-----------
insert into Depatement(iDDept,NameDept) values(1,'Web Application')
insert into Depatement(iDDept,NameDept) values(2,'Desktop Abblication')
insert into Depatement(iDDept,NameDept) values(3,'Phone Application')


---------------Intake Tabel--------------
insert into Intake(IDIntak,IntakeNum) values(1,32)
insert into Intake(IDIntak,IntakeNum) values(2,33)
insert into Intake(IDIntak,IntakeNum) values(3,34)
insert into Intake(IDIntak,IntakeNum) values(4,35)
insert into Intake(IDIntak,IntakeNum) values(5,36)
insert into Intake(IDIntak,IntakeNum) values(6,37)
insert into Intake(IDIntak,IntakeNum) values(7,38)
insert into Intake(IDIntak,IntakeNum) values(8,40)
insert into Intake(IDIntak,IntakeNum) values(9,41)


--------------Account Tabel -------------------
insert into Account(Email,Passward) values('AhmedMamdoh@gmail.com','Ah12345')
insert into Account(Email,Passward) values('MarwaMahmoud@gmail.com','ma12345')
insert into Account(Email,Passward) values('ShymaaAshraf@gmail.com','sh12345')
insert into Account(Email,Passward) values('MonaMahmoud@gmail.com','mo12345')
insert into Account(Email,Passward) values('RehamAbdo@gmail.com','re12345')
insert into Account(Email,Passward) values('AbanoubNabil@gmail.com','Ab12345')
insert into Account(Email,Passward) values('HanySaad@gmail.com','Ha12345')
insert into Account(Email,Passward) values('Chirsten@gmail.com','ch12345')
insert into Account(Email,Passward) values('josphen@gmail.com','Ha12345')
insert into Account(Email,Passward) values('nada@gmail.com','ch12345')
insert into Account(Email,Passward) values('fatma@gmail.com','Ha12345')
insert into Account(Email,Passward) values('Israa@gmail.com','Ha12345')
insert into Account(Email,Passward) values('angham@gmail.com','re12345')
insert into Account(Email,Passward) values('kerols@gmail.com','Ab12345')
insert into Account(Email,Passward) values('walaa@gmail.com','Ha12345')
insert into Account(Email,Passward) values('mai@gmail.com','ch12345')
insert into Account(Email,Passward) values('ahmed@gmail.com','Ha12345')
insert into Account(Email,Passward) values('mohamed@gmail.com','Ha12345')
insert into Account(Email,Passward) values('doaa@gmail.com','Ha12345')
insert into Account(Email,Passward) values('bahy@gmail.com','Ha12345')
insert into Account(Email,Passward) values('nawal@gmail.com','Ha12345')
insert into Account(Email,Passward) values('noor@gmail.com','Ha12345')
insert into Account(Email,Passward) values('eman@gmail.com','Ha12345')
insert into Account(Email,Passward) values('nessma@gmail.com','Ha12345')
insert into Account(Email,Passward) values('manar@gmail.com','Ha12345')
insert into Account(Email,Passward) values('safaa@gmail.com','Ha12345')
insert into Account(Email,Passward) values('ashraf@gmail.com','Ha12345')
insert into Account(Email,Passward) values('shady@gmail.com','Ha12345')
insert into Account(Email,Passward) values('keroulssamy@gmail.com','Ha12345')
insert into Account(Email,Passward) values('amr@gmail.com','Ha12345')
insert into Account(Email,Passward) values('alaaa111a@gmail.com','alaa12345')
insert into Account(Email,Passward) values('admin@gmail.com','admin12345')


----------------QuestionPool Tabel --------------
insert into QuestionPool(idQP,questions) values(1,'Which was the first purely object oriented programming language developed?')
insert into QuestionPool(idQP,questions) values(2,'Which of the following is correct about variable naming conventions in C#?')
insert into QuestionPool(idQP,questions) values(3,'Which of the following is correct about reference type variables in C#?')
insert into QuestionPool(idQP,questions) values(4,'Which of the following converts a floating point or integer type to a decimal type in C#?') 
insert into QuestionPool(idQP,questions) values(5,'Which of the following operator returns the address of an variable in C#? ')
insert into QuestionPool(idQP,questions) values(6,'Which of the following property of Array class in C# checks whether the Array is readonly?')
insert into QuestionPool(idQP,questions) values(7,'Which of the following is true about C# structures vs C# classes?')
insert into QuestionPool(idQP,questions) values(8,' Which Feature of OOP illustrated the code reusability?')
insert into QuestionPool(idQP,questions) values(9,' Which of the two features match each other?')
insert into QuestionPool(idQP,questions) values(10,'Software engineers shall')
insert into QuestionPool(idQP,questions) values(11,'Efficiency in a software product does not include')
insert into QuestionPool(idQP,questions) values(12,'The reason for software bugs and failures is due to')
insert into QuestionPool(idQP,questions) values(13,'Which operator is used to continue the definition of macro in the next line?')
insert into QuestionPool(idQP,questions) values(14,'Following is the invalid inclusion of a file to the current program. Identify it')
insert into QuestionPool(idQP,questions) values(15,'In C, what are the various types of real data type (floating point data type)?')
insert into QuestionPool(idQP,questions) values(16,'What function can be used to free the memory allocated by calloc()?')
insert into QuestionPool(idQP,questions) values(17,'An operation with only one operand is called unary operation. ')

insert into QuestionPool(idQP,questions) values(18,'Exception handling is a feature of OOP.')
insert into QuestionPool(idQP,questions) values(19,'Interpreter programs execute high-level language programs without compiling them into machine language first.')
insert into QuestionPool(idQP,questions) values(20,'The return type of malloc function is void.')
insert into QuestionPool(idQP,questions) values(21,'Only character or integer can be used in switch statement')
insert into QuestionPool(idQP,questions) values(22,'Algorithm is the graphical representation of logic.')
insert into QuestionPool(idQP,questions) values(23,'sizeof( ) is a function that returns the size of a variable.')
insert into QuestionPool(idQP,questions) values(24,'A zero value is considered to be false and a non-zero value is considered to be true.')
insert into QuestionPool(idQP,questions) values(25,'Multiple inheritance is different from multiple levels of inheritance.')
insert into QuestionPool(idQP,questions) values(26,'There is no private or protected inheritance in C#.NET.')
insert into QuestionPool(idQP,questions) values(27,'We can derive a class from a base class even if the base classs source code is not available.')
insert into QuestionPool(idQP,questions) values(28,'It is illegal to make objects of one class as members of another class.')
insert into QuestionPool(idQP,questions) values(29,'There is no multiple inheritance in C#.NET. That is, a class cannot be derived from multiple base classes.')
insert into QuestionPool(idQP,questions) values(30,'Product line software development depends the reuse of existing software components to provide software engineering leverage.')
insert into QuestionPool(idQP,questions) values(31,'Software is a product and can be manufactured using the sametechnologies used for other engineering artifacts.')
insert into QuestionPool(idQP,questions) values(32,'WebApps are a mixture of print publishing and softwaredevelopment, making their development outside the realm of software engineering practice.')
insert into QuestionPool(idQP,questions) values(33,'There are no real differences between creating WebApps and Mobile-Apps.')
insert into QuestionPool(idQP,questions) values(34,'In its simplest form an external computing device may access cloud data services using a web browser.')
insert into QuestionPool(idQP,questions) values(35,'It is not possible to achieve inheritance of structures in c++?')
insert into QuestionPool(idQP,questions) values(36,'Super classes are also called Parent classes/Base classes.')
insert into QuestionPool(idQP,questions) values(37,'Sub classes may also be called Child classes/Derived classes.')
insert into QuestionPool(idQP,questions) values(38,'The programs that run on a computer are referred to as hardware.')
insert into QuestionPool(idQP,questions) values(39,'C++ programmers can use a C-like programming style, an object-oriented programming style or both.')
insert into QuestionPool(idQP,questions) values(40,'The Framework Class Library is only used for Visual C++.')
insert into QuestionPool(idQP,questions) values(41,'Only character or integer can be used in switch statement.')
insert into QuestionPool(idQP,questions) values(42,'The return type of malloc function is void.')
insert into QuestionPool(idQP,questions) values(43,'#define is known as preprocessor compiler directive.')
insert into QuestionPool(idQP,questions) values(44,'The programs that run on a computer are referred to as hardware.')
insert into QuestionPool(idQP,questions) values(45,'Humans can perform computations as fast as modern computers can..')
insert into QuestionPool(idQP,questions) values(46,'Output units make information processed inside the computer available for use outside the computer.')
insert into QuestionPool(idQP,questions) values(47,'The ARPANET was a predecessor to the Internet.')

insert into QuestionPool(idQP,questions) values(48,'Exception handling is a feature of OOP.')
insert into QuestionPool(idQP,questions) values(49,'What is OOPs?.')
insert into QuestionPool(idQP,questions) values(50,'Why use OOPs?')
insert into QuestionPool(idQP,questions) values(51,'What is an object?')
insert into QuestionPool(idQP,questions) values(52,'What are the main features of OOPs?')
insert into QuestionPool(idQP,questions) values(53,'What is a class?')
insert into QuestionPool(idQP,questions) values(54,'What is the difference between a class and a structure?')
insert into QuestionPool(idQP,questions) values(55,'Explain what is a class in C++?')
insert into QuestionPool(idQP,questions) values(56,'How can you specify a class in C++?')
insert into QuestionPool(idQP,questions) values(57,'Explain what is the use of void main () in C++ language?')
insert into QuestionPool(idQP,questions) values(58,'Explain what is C++ objects?')
insert into QuestionPool(idQP,questions) values(59,'Explain what is C++ objects?')
insert into QuestionPool(idQP,questions) values(60,'What are the key features in the C programming language?')
insert into QuestionPool(idQP,questions) values(61,'What are the basic data types associated with C?')
insert into QuestionPool(idQP,questions) values(62,'What is the description for syntax errors?')
insert into QuestionPool(idQP,questions) values(63,'What is the process to create increment and decrement statement in C?')
insert into QuestionPool(idQP,questions) values(64,'What is the explanation for the dangling pointer in C?')
insert into QuestionPool(idQP,questions) values(65,'Describe static function with its usage?')
insert into QuestionPool(idQP,questions) values(66,'What is the difference between ++a and a++?')
insert into QuestionPool(idQP,questions) values(67,'What is C#?')
insert into QuestionPool(idQP,questions) values(68,'Explain types of comment in C# with examples?')
insert into QuestionPool(idQP,questions) values(69,'Can multiple catch blocks be executed?')
insert into QuestionPool(idQP,questions) values(70,'What is the difference between public, static, and void?')
insert into QuestionPool(idQP,questions) values(71,'What is an object?')
insert into QuestionPool(idQP,questions) values(72,'Define Constructors?')
insert into QuestionPool(idQP,questions) values(73,'What is Jagged Arrays?')
insert into QuestionPool(idQP,questions) values(74,'What is the difference between ref & out parameters?')
insert into QuestionPool(idQP,questions) values(75,'What is the use of "using" statement in C#?')
insert into QuestionPool(idQP,questions) values(76,'What is serialization?')
insert into QuestionPool(idQP,questions) values(77,'Can we use "this" command within a static method?')
insert into QuestionPool(idQP,questions) values(78,'What are the important categories of software?')
insert into QuestionPool(idQP,questions) values(79,'What is the main difference between a computer program and computer software?')
insert into QuestionPool(idQP,questions) values(80,'What is software re-engineering?')
insert into QuestionPool(idQP,questions) values(81,'Describe the software development process in brief:')
insert into QuestionPool(idQP,questions) values(82,'What are SDLC models available?')
insert into QuestionPool(idQP,questions) values(83,'Explain the main purpose of an operating system?')
insert into QuestionPool(idQP,questions) values(84,'What is demand paging?')
insert into QuestionPool(idQP,questions) values(85,'What are the advantages of a multiprocessor system?')



-----------------MultibleChoiceQuestions Tabel-------------
insert into MultibleChoiceQuestions(IDQuestMulti,Question,Degree,coursetype,CorrectAnswer) values (1,'Which was the first purely object oriented programming language developed?',1,'OOP','SmallTalk')
insert into MultibleChoiceQuestions(IDQuestMulti,Question,Degree,coursetype,CorrectAnswer) values (2,'Which of the following is correct about variable naming conventions in C#? ',1,'C#','Both of the above')
insert into MultibleChoiceQuestions(IDQuestMulti,Question,Degree,coursetype,CorrectAnswer) values (3,'Which of the following is correct about reference type variables in C#?',1,'C#','All of the above')
insert into MultibleChoiceQuestions(IDQuestMulti,Question,Degree,coursetype,CorrectAnswer) values (4,'Which of the following converts a floating point or integer type to a decimal type in C#?',1,'C#','ToDecimal')
insert into MultibleChoiceQuestions(IDQuestMulti,Question,Degree,coursetype,CorrectAnswer) values (5,'Which of the following operator returns the address of an variable in C#? ',1,'C#','&')
insert into MultibleChoiceQuestions(IDQuestMulti,Question,Degree,coursetype,CorrectAnswer) values (6,'Which of the following property of Array class in C# checks whether the Array is readonly?',1,'C#','IsReadOnly')
insert into MultibleChoiceQuestions(IDQuestMulti,Question,Degree,coursetype,CorrectAnswer) values (7,'Which of the following is true about C# structures vs C# classes?',1,'C#','All of the above')
insert into MultibleChoiceQuestions(IDQuestMulti,Question,Degree,coursetype,CorrectAnswer) values (8,'Which Feature of OOP illustrated the code reusability?',1,'OOP','inheritance')
insert into MultibleChoiceQuestions(IDQuestMulti,Question,Degree,coursetype,CorrectAnswer) values (9,'Which of the two features match each other?',1,'OOP','Encapsulation and Abstraction')
insert into MultibleChoiceQuestions(IDQuestMulti,Question,Degree,coursetype,CorrectAnswer) values (10,'Software engineers shall',1,'SW','act consistently with the public interest.')
insert into MultibleChoiceQuestions(IDQuestMulti,Question,Degree,coursetype,CorrectAnswer) values (11,'Efficiency in a software product does not include',1,'SW','licensing')
insert into MultibleChoiceQuestions(IDQuestMulti,Question,Degree,coursetype,CorrectAnswer) values (12,'The reason for software bugs and failures is due to',1,'SW','Both Software companies and Developers')
insert into MultibleChoiceQuestions(IDQuestMulti,Question,Degree,coursetype,CorrectAnswer) values (13,'Which operator is used to continue the definition of macro in the next line?',1,'C','\')
insert into MultibleChoiceQuestions(IDQuestMulti,Question,Degree,coursetype,CorrectAnswer) values (14,'Following is the invalid inclusion of a file to the current program. Identify it',1,'C','#include < file')
insert into MultibleChoiceQuestions(IDQuestMulti,Question,Degree,coursetype,CorrectAnswer) values (15,'In C, what are the various types of real data type (floating point data type)?',1,'C','float, double, long double')
insert into MultibleChoiceQuestions(IDQuestMulti,Question,Degree,coursetype,CorrectAnswer) values (16,'What function can be used to free the memory allocated by calloc()?',1,'C','free();')
insert into MultibleChoiceQuestions(IDQuestMulti,Question,Degree,coursetype,CorrectAnswer) values (17,'An operation with only one operand is called unary operation. ',1,'C','Yes')


----------------TrueAndFalse Tabel -----------------
insert into TrueAndFalse(IDTF,Question,Degree,coursetype,CorrectAnswer) values(18,'Exception handling is a feature of OOP.',1,'oop','True')
insert into TrueAndFalse(IDTF,Question,Degree,coursetype,CorrectAnswer) values(19,'Interpreter programs execute high-level language programs without compiling them into machine language first.',1,'oop','True')
insert into TrueAndFalse(IDTF,Question,Degree,coursetype,CorrectAnswer) values(20,'The return type of malloc function is void.',1,'C','False')
insert into TrueAndFalse(IDTF,Question,Degree,coursetype,CorrectAnswer) values(21,'Only character or integer can be used in switch statement',1,'C','False')
insert into TrueAndFalse(IDTF,Question,Degree,coursetype,CorrectAnswer) values(22,'Algorithm is the graphical representation of logic.',1,'C','False')
insert into TrueAndFalse(IDTF,Question,Degree,coursetype,CorrectAnswer) values(23,'sizeof( ) is a function that returns the size of a variable.',1,'C','False')
insert into TrueAndFalse(IDTF,Question,Degree,coursetype,CorrectAnswer) values(24,'A zero value is considered to be false and a non-zero value is considered to be true.',1,'C','True')
insert into TrueAndFalse(IDTF,Question,Degree,coursetype,CorrectAnswer) values(25,'Multiple inheritance is different from multiple levels of inheritance.',1,'C#','True')
insert into TrueAndFalse(IDTF,Question,Degree,coursetype,CorrectAnswer) values(26,'There is no private or protected inheritance in C#.NET.',1,'C#','True')
insert into TrueAndFalse(IDTF,Question,Degree,coursetype,CorrectAnswer) values(27,'We can derive a class from a base class even if the base classs source code is not available.',1,'C#','True')
insert into TrueAndFalse(IDTF,Question,Degree,coursetype,CorrectAnswer) values(28,'It is illegal to make objects of one class as members of another class.',1,'C#','True')
insert into TrueAndFalse(IDTF,Question,Degree,coursetype,CorrectAnswer) values(29,'There is no multiple inheritance in C#.NET. That is, a class cannot be derived from multiple base classes.',1,'C#','True')
insert into TrueAndFalse(IDTF,Question,Degree,coursetype,CorrectAnswer) values(30,'Product line software development depends the reuse of existing software components to provide software engineering leverage.',1,'SW','True')
insert into TrueAndFalse(IDTF,Question,Degree,coursetype,CorrectAnswer) values(31,'Software is a product and can be manufactured using the sametechnologies used for other engineering artifacts.',1,'SW','False')
insert into TrueAndFalse(IDTF,Question,Degree,coursetype,CorrectAnswer) values(32,'WebApps are a mixture of print publishing and softwaredevelopment, making their development outside the realm of software engineering practice.',1,'SW','False')
insert into TrueAndFalse(IDTF,Question,Degree,coursetype,CorrectAnswer) values(33,'There are no real differences between creating WebApps and Mobile-Apps.',1,'SW','False')
insert into TrueAndFalse(IDTF,Question,Degree,coursetype,CorrectAnswer) values(34,'In its simplest form an external computing device may access cloud data services using a web browser.',1,'SW','True')
insert into TrueAndFalse(IDTF,Question,Degree,coursetype,CorrectAnswer) values(35,'It is not possible to achieve inheritance of structures in c++?',1,'C++','False')
insert into TrueAndFalse(IDTF,Question,Degree,coursetype,CorrectAnswer) values(36,'Super classes are also called Parent classes/Base classes.',1,'C++','True')
insert into TrueAndFalse(IDTF,Question,Degree,coursetype,CorrectAnswer) values(37,'Sub classes may also be called Child classes/Derived classes.',1,'C++','True')
insert into TrueAndFalse(IDTF,Question,Degree,coursetype,CorrectAnswer) values(38,'The programs that run on a computer are referred to as hardware.',1,'C++','False')
insert into TrueAndFalse(IDTF,Question,Degree,coursetype,CorrectAnswer) values(39,'C++ programmers can use a C-like programming style, an object-oriented programming style or both.',1,'C++','True')
insert into TrueAndFalse(IDTF,Question,Degree,coursetype,CorrectAnswer) values(40,'The Framework Class Library is only used for Visual C++.',1,'C++','False')
insert into TrueAndFalse(IDTF,Question,Degree,coursetype,CorrectAnswer) values(41,'Only character or integer can be used in switch statement.',1,'C','False')
insert into TrueAndFalse(IDTF,Question,Degree,coursetype,CorrectAnswer) values(42,'The return type of malloc function is void.',1,'C','False')
insert into TrueAndFalse(IDTF,Question,Degree,coursetype,CorrectAnswer) values(43,'#define is known as preprocessor compiler directive.',1,'C','True')
insert into TrueAndFalse(IDTF,Question,Degree,coursetype,CorrectAnswer) values(44,'The programs that run on a computer are referred to as hardware.',1,'oop','False')
insert into TrueAndFalse(IDTF,Question,Degree,coursetype,CorrectAnswer) values(45,'Humans can perform computations as fast as modern computers can..',1,'oop','False')
insert into TrueAndFalse(IDTF,Question,Degree,coursetype,CorrectAnswer) values(46,'Output units make information processed inside the computer available for use outside the computer.',1,'oop','True')
insert into TrueAndFalse(IDTF,Question,Degree,coursetype,CorrectAnswer) values(47,'The ARPANET was a predecessor to the Internet.',1,'oop','True')


-----------------TextQuestions Tabel --------------
insert into  TextQuestions(IDT,Question,Degree,coursetype) values(48,'Exception handling is a feature of OOP.',8,'oop')
insert into  TextQuestions(IDT,Question,Degree,coursetype) values(49,'What is OOPs?.',4,'oop')
insert into  TextQuestions(IDT,Question,Degree,coursetype) values(50,'Why use OOPs?',8,'oop')
insert into  TextQuestions(IDT,Question,Degree,coursetype) values(51,'What is an object?',8,'oop')
insert into  TextQuestions(IDT,Question,Degree,coursetype) values(52,'What are the main features of OOPs?',8,'oop')
insert into  TextQuestions(IDT,Question,Degree,coursetype) values(53,'What is a class?',8,'oop')
insert into  TextQuestions(IDT,Question,Degree,coursetype) values(54,'What is the difference between a class and a structure?',8,'oop')
insert into  TextQuestions(IDT,Question,Degree,coursetype) values(55,'Explain what is a class in C++?',8,'C++')
insert into  TextQuestions(IDT,Question,Degree,coursetype) values(56,'How can you specify a class in C++?',8,'C++')
insert into  TextQuestions(IDT,Question,Degree,coursetype) values(57,'Explain what is the use of void main () in C++ language?',8,'C++')
insert into  TextQuestions(IDT,Question,Degree,coursetype) values(58,'Explain what is C++ objects?',8,'C++')
insert into  TextQuestions(IDT,Question,Degree,coursetype) values(59,'Explain what are the characteristics of Class Members in C++?',8,'C++')
insert into  TextQuestions(IDT,Question,Degree,coursetype) values(60,'What are the key features in the C programming language?',8,'C')
insert into  TextQuestions(IDT,Question,Degree,coursetype) values(61,'What are the basic data types associated with C?',8,'C')
insert into  TextQuestions(IDT,Question,Degree,coursetype) values(62,'What is the description for syntax errors?',8,'C')
insert into  TextQuestions(IDT,Question,Degree,coursetype) values(63,'What is the process to create increment and decrement statement in C?',8,'C')
insert into  TextQuestions(IDT,Question,Degree,coursetype) values(64,'What is the explanation for the dangling pointer in C?',8,'C')
insert into  TextQuestions(IDT,Question,Degree,coursetype) values(65,'Describe static function with its usage?',8,'C')
insert into  TextQuestions(IDT,Question,Degree,coursetype) values(66,'What is the difference between ++a and a++?',8,'C')
insert into  TextQuestions(IDT,Question,Degree,coursetype) values(67,'What is C#?',8,'C#')
insert into  TextQuestions(IDT,Question,Degree,coursetype) values(68,'Explain types of comment in C# with examples?',8,'C#')
insert into  TextQuestions(IDT,Question,Degree,coursetype) values(69,'Can multiple catch blocks be executed?',8,'C#')
insert into  TextQuestions(IDT,Question,Degree,coursetype) values(70,'What is the difference between public, static, and void?',8,'C#')
insert into  TextQuestions(IDT,Question,Degree,coursetype) values(71,'What is an object?',8,'C#')
insert into  TextQuestions(IDT,Question,Degree,coursetype) values(72,'Define Constructors?',8,'C#')
insert into  TextQuestions(IDT,Question,Degree,coursetype) values(73,'What is Jagged Arrays?',8,'C#')
insert into  TextQuestions(IDT,Question,Degree,coursetype) values(74,'What is the difference between ref & out parameters?',8,'C#')
insert into  TextQuestions(IDT,Question,Degree,coursetype) values(75,'What is the use of "using" statement in C#?',8,'C#')
insert into  TextQuestions(IDT,Question,Degree,coursetype) values(76,'What is serialization?',8,'C#')
insert into  TextQuestions(IDT,Question,Degree,coursetype) values(77,'Can we use "this" command within a static method?',8,'C#')
insert into  TextQuestions(IDT,Question,Degree,coursetype) values(78,'What are the important categories of software?',8,'SW')
insert into  TextQuestions(IDT,Question,Degree,coursetype) values(79,'What is the main difference between a computer program and computer software?',8,'SW')
insert into  TextQuestions(IDT,Question,Degree,coursetype) values(80,'What is software re-engineering?',8,'SW')
insert into  TextQuestions(IDT,Question,Degree,coursetype) values(81,'Describe the software development process in brief:',8,'SW')
insert into  TextQuestions(IDT,Question,Degree,coursetype) values(82,'What are SDLC models available?',8,'SW')
insert into  TextQuestions(IDT,Question,Degree,coursetype) values(83,'Explain the main purpose of an operating system?',8,'OS')
insert into  TextQuestions(IDT,Question,Degree,coursetype) values(84,'What is demand paging?',8,'OS')
insert into  TextQuestions(IDT,Question,Degree,coursetype) values(85,'What are the advantages of a multiprocessor system?',8,'OS')



------------------TeachCourse Tabel -------------
insert into TeachCourse(id_sequence,IDTeachInstructor,IDTeachCourse,YearInstructorTeachCourse) values(NEXT VALUE for TeachCourseSequence,1,1,2020)
insert into TeachCourse(id_sequence,IDTeachInstructor,IDTeachCourse,YearInstructorTeachCourse) values(NEXT VALUE for TeachCourseSequence,1,3,2020)
insert into TeachCourse(id_sequence,IDTeachInstructor,IDTeachCourse,YearInstructorTeachCourse) values(NEXT VALUE for TeachCourseSequence,1,4,2020)
insert into TeachCourse(id_sequence,IDTeachInstructor,IDTeachCourse,YearInstructorTeachCourse) values(NEXT VALUE for TeachCourseSequence,1,5,2020)
insert into TeachCourse(id_sequence,IDTeachInstructor,IDTeachCourse,YearInstructorTeachCourse) values(NEXT VALUE for TeachCourseSequence,2,1,2019)
insert into TeachCourse(id_sequence,IDTeachInstructor,IDTeachCourse,YearInstructorTeachCourse) values(NEXT VALUE for TeachCourseSequence,2,2,2020)
insert into TeachCourse(id_sequence,IDTeachInstructor,IDTeachCourse,YearInstructorTeachCourse) values(NEXT VALUE for TeachCourseSequence,2,6,2010)
insert into TeachCourse(id_sequence,IDTeachInstructor,IDTeachCourse,YearInstructorTeachCourse) values(NEXT VALUE for TeachCourseSequence,3,3,2019)
insert into TeachCourse(id_sequence,IDTeachInstructor,IDTeachCourse,YearInstructorTeachCourse) values(NEXT VALUE for TeachCourseSequence,3,2,2018)
insert into TeachCourse(id_sequence,IDTeachInstructor,IDTeachCourse,YearInstructorTeachCourse) values(NEXT VALUE for TeachCourseSequence,3,3,2017)
insert into TeachCourse(id_sequence,IDTeachInstructor,IDTeachCourse,YearInstructorTeachCourse) values(NEXT VALUE for TeachCourseSequence,3,4,2019)
insert into TeachCourse(id_sequence,IDTeachInstructor,IDTeachCourse,YearInstructorTeachCourse) values(NEXT VALUE for TeachCourseSequence,4,5,2012)
insert into TeachCourse(id_sequence,IDTeachInstructor,IDTeachCourse,YearInstructorTeachCourse) values(NEXT VALUE for TeachCourseSequence,4,1,2013)
insert into TeachCourse(id_sequence,IDTeachInstructor,IDTeachCourse,YearInstructorTeachCourse) values(NEXT VALUE for TeachCourseSequence,5,3,2016)
insert into TeachCourse(id_sequence,IDTeachInstructor,IDTeachCourse,YearInstructorTeachCourse) values(NEXT VALUE for TeachCourseSequence,5,4,2018)
insert into TeachCourse(id_sequence,IDTeachInstructor,IDTeachCourse,YearInstructorTeachCourse) values(NEXT VALUE for TeachCourseSequence,5,2,2015)
insert into TeachCourse(id_sequence,IDTeachInstructor,IDTeachCourse,YearInstructorTeachCourse) values(NEXT VALUE for TeachCourseSequence,6,1,2012)
insert into TeachCourse(id_sequence,IDTeachInstructor,IDTeachCourse,YearInstructorTeachCourse) values(NEXT VALUE for TeachCourseSequence,6,3,2021)
insert into TeachCourse(id_sequence,IDTeachInstructor,IDTeachCourse,YearInstructorTeachCourse) values(NEXT VALUE for TeachCourseSequence,7,4,2021)
insert into TeachCourse(id_sequence,IDTeachInstructor,IDTeachCourse,YearInstructorTeachCourse) values(NEXT VALUE for TeachCourseSequence,7,6,2021)
insert into TeachCourse(id_sequence,IDTeachInstructor,IDTeachCourse,YearInstructorTeachCourse) values(NEXT VALUE for TeachCourseSequence,8,2,2017)
insert into TeachCourse(id_sequence,IDTeachInstructor,IDTeachCourse,YearInstructorTeachCourse) values(NEXT VALUE for TeachCourseSequence,8,5,2021)
insert into TeachCourse(id_sequence,IDTeachInstructor,IDTeachCourse,YearInstructorTeachCourse) values(NEXT VALUE for TeachCourseSequence,9,4,2021)
insert into TeachCourse(id_sequence,IDTeachInstructor,IDTeachCourse,YearInstructorTeachCourse) values(NEXT VALUE for TeachCourseSequence,9,3,2018)


--------------TrackBranch Tabel -----------------
insert into TrackBranch(id_Branch,id_Track) values(1,1)
insert into TrackBranch(id_Branch,id_Track) values(1,6)
insert into TrackBranch(id_Branch,id_Track) values(1,8)
insert into TrackBranch(id_Branch,id_Track) values(1,7)
insert into TrackBranch(id_Branch,id_Track) values(1,9)
insert into TrackBranch(id_Branch,id_Track) values(2,2)
insert into TrackBranch(id_Branch,id_Track) values(2,4)
insert into TrackBranch(id_Branch,id_Track) values(2,3)
insert into TrackBranch(id_Branch,id_Track) values(3,2)
insert into TrackBranch(id_Branch,id_Track) values(3,9)
insert into TrackBranch(id_Branch,id_Track) values(4,3)
insert into TrackBranch(id_Branch,id_Track) values(4,5)
insert into TrackBranch(id_Branch,id_Track) values(4,10)
insert into TrackBranch(id_Branch,id_Track) values(4,4)
insert into TrackBranch(id_Branch,id_Track) values(5,7)
insert into TrackBranch(id_Branch,id_Track) values(5,8)
insert into TrackBranch(id_Branch,id_Track) values(5,1)
insert into TrackBranch(id_Branch,id_Track) values(5,3)
insert into TrackBranch(id_Branch,id_Track) values(5,6)
insert into TrackBranch(id_Branch,id_Track) values(5,1)
insert into TrackBranch(id_Branch,id_Track) values(6,1)
insert into TrackBranch(id_Branch,id_Track) values(6,3)
insert into TrackBranch(id_Branch,id_Track) values(6,4)
insert into TrackBranch(id_Branch,id_Track) values(6,2)
insert into TrackBranch(id_Branch,id_Track) values(7,10)
insert into TrackBranch(id_Branch,id_Track) values(7,9)


----------------QuestionExam Table ---------------
-------OOP Exam---------
insert into QuestionExam(idQuestion_Exam,id_Exam ) values (1,11)
insert into QuestionExam(idQuestion_Exam,id_Exam ) values (9,11)
insert into QuestionExam(idQuestion_Exam,id_Exam ) values (8,11)
insert into QuestionExam(idQuestion_Exam,id_Exam ) values (18,11)
insert into QuestionExam (idQuestion_Exam,id_Exam ) values (44,11)
insert into QuestionExam (idQuestion_Exam,id_Exam ) values (45,11)
insert into QuestionExam (idQuestion_Exam,id_Exam ) values (46,11)
insert into QuestionExam (idQuestion_Exam,id_Exam ) values (47,11)
insert into QuestionExam (idQuestion_Exam,id_Exam ) values (48,11)
insert into QuestionExam (idQuestion_Exam,id_Exam ) values (49,11)
insert into QuestionExam (idQuestion_Exam,id_Exam ) values (50,11)
insert into QuestionExam (idQuestion_Exam,id_Exam ) values (51,11)
insert into QuestionExam (idQuestion_Exam,id_Exam ) values (52,11)
insert into QuestionExam (idQuestion_Exam,id_Exam ) values (53,11)
insert into QuestionExam (idQuestion_Exam,id_Exam ) values (54,11)


----------OS Exam----------------
insert into QuestionExam (idQuestion_Exam,id_Exam ) values (83,3)
insert into QuestionExam (idQuestion_Exam,id_Exam ) values (84,3)
insert into QuestionExam (idQuestion_Exam,id_Exam ) values (85,3)


------------C# Exam----------
insert into QuestionExam (idQuestion_Exam,id_Exam ) values (2,13)
insert into QuestionExam (idQuestion_Exam,id_Exam ) values (3,13)
insert into QuestionExam (idQuestion_Exam,id_Exam ) values (4,13)
insert into QuestionExam (idQuestion_Exam,id_Exam ) values (5,13)
insert into QuestionExam (idQuestion_Exam,id_Exam ) values (6,13)
insert into QuestionExam (idQuestion_Exam,id_Exam ) values (7,13)
insert into QuestionExam (idQuestion_Exam,id_Exam ) values (25,13)
insert into QuestionExam (idQuestion_Exam,id_Exam ) values (26,13)
insert into QuestionExam (idQuestion_Exam,id_Exam ) values (27,13)
insert into QuestionExam (idQuestion_Exam,id_Exam ) values (28,13)
insert into QuestionExam (idQuestion_Exam,id_Exam ) values (29,13)
insert into QuestionExam (idQuestion_Exam,id_Exam ) values (67,13)
insert into QuestionExam (idQuestion_Exam,id_Exam ) values (68,13)
insert into QuestionExam (idQuestion_Exam,id_Exam ) values (69,13)
insert into QuestionExam (idQuestion_Exam,id_Exam ) values (70,13)
insert into QuestionExam (idQuestion_Exam,id_Exam ) values (71,13)
insert into QuestionExam (idQuestion_Exam,id_Exam ) values (72,13)
insert into QuestionExam (idQuestion_Exam,id_Exam ) values (73,13)
insert into QuestionExam (idQuestion_Exam,id_Exam ) values (74,13)
insert into QuestionExam (idQuestion_Exam,id_Exam ) values (75,13)
insert into QuestionExam (idQuestion_Exam,id_Exam ) values (76,13)
insert into QuestionExam (idQuestion_Exam,id_Exam ) values (77,13)


------------SWE Exam-----------
insert into QuestionExam (idQuestion_Exam,id_Exam ) values (10,12)
insert into QuestionExam (idQuestion_Exam,id_Exam ) values (11,12)
insert into QuestionExam (idQuestion_Exam,id_Exam ) values (12,12)
insert into QuestionExam (idQuestion_Exam,id_Exam ) values (30,12)
insert into QuestionExam (idQuestion_Exam,id_Exam ) values (31,12)
insert into QuestionExam (idQuestion_Exam,id_Exam ) values (32,12)
insert into QuestionExam (idQuestion_Exam,id_Exam ) values (33,12)
insert into QuestionExam (idQuestion_Exam,id_Exam ) values (34,12)
insert into QuestionExam (idQuestion_Exam,id_Exam ) values (34,12)
insert into QuestionExam (idQuestion_Exam,id_Exam ) values (78,12)
insert into QuestionExam (idQuestion_Exam,id_Exam ) values (79,12)
insert into QuestionExam (idQuestion_Exam,id_Exam ) values (80,12)
insert into QuestionExam (idQuestion_Exam,id_Exam ) values (81,12)
insert into QuestionExam (idQuestion_Exam,id_Exam ) values (82,12)


----------C++ Exam------------
insert into QuestionExam (idQuestion_Exam,id_Exam ) values (35,14)
insert into QuestionExam (idQuestion_Exam,id_Exam ) values (36,14)
insert into QuestionExam (idQuestion_Exam,id_Exam ) values (37,14)
insert into QuestionExam (idQuestion_Exam,id_Exam ) values (38,14)
insert into QuestionExam (idQuestion_Exam,id_Exam ) values (39,14)
insert into QuestionExam (idQuestion_Exam,id_Exam ) values (40,14)
insert into QuestionExam (idQuestion_Exam,id_Exam ) values (55,14)
insert into QuestionExam (idQuestion_Exam,id_Exam ) values (56,14)
insert into QuestionExam (idQuestion_Exam,id_Exam ) values (57,14)
insert into QuestionExam (idQuestion_Exam,id_Exam ) values (58,14)
insert into QuestionExam (idQuestion_Exam,id_Exam ) values (59,14)


-------------C Exam-----------
insert into QuestionExam (idQuestion_Exam,id_Exam ) values (13,15)
insert into QuestionExam (idQuestion_Exam,id_Exam ) values (14,15)
insert into QuestionExam (idQuestion_Exam,id_Exam ) values (15,15)
insert into QuestionExam (idQuestion_Exam,id_Exam ) values (16,15)
insert into QuestionExam (idQuestion_Exam,id_Exam ) values (17,15)
insert into QuestionExam (idQuestion_Exam,id_Exam ) values (20,15)
insert into QuestionExam (idQuestion_Exam,id_Exam ) values (21,15)
insert into QuestionExam (idQuestion_Exam,id_Exam ) values (22,15)
insert into QuestionExam (idQuestion_Exam,id_Exam ) values (23,15)
insert into QuestionExam (idQuestion_Exam,id_Exam ) values (24,15)
insert into QuestionExam (idQuestion_Exam,id_Exam ) values (41,15)
insert into QuestionExam (idQuestion_Exam,id_Exam ) values (42,15)
insert into QuestionExam (idQuestion_Exam,id_Exam ) values (43,15)
insert into QuestionExam (idQuestion_Exam,id_Exam ) values (60,15)
insert into QuestionExam (idQuestion_Exam,id_Exam ) values (61,15)
insert into QuestionExam (idQuestion_Exam,id_Exam ) values (62,15)
insert into QuestionExam (idQuestion_Exam,id_Exam ) values (63,15)
insert into QuestionExam (idQuestion_Exam,id_Exam ) values (64,15)
insert into QuestionExam (idQuestion_Exam,id_Exam ) values (65,15)
insert into QuestionExam (idQuestion_Exam,id_Exam ) values (66,15)

select * from  QuestionExam

-------------------------True_False Table--------------
insert into True_False values('True','False')




-----------Choices Table---------------------
insert into choices(idQuestion,A,B,C,D)values(1,'Java','C++','SmallTalk','Kotlin')
insert into choices(idQuestion,A,B,C,D)values(2,'A name must begin with a letter that could be followed by a sequence of letters, digits (0 - 9) or underscore.','The first character in an identifier cannot be a digit.','Both of the above.','None of the above.')
insert into choices(idQuestion,A,B,C,D)values(3,'The reference types do not contain the actual data stored in a variable.','They contain a reference to the variables.','Example of built-in reference types are: object, dynamic, and string.','All of the above.')
insert into choices(idQuestion,A,B,C,D)values(4,'ToDecimal','ToDouble','ToInt16','ToInt32')
insert into choices(idQuestion,A,B,C,D)values(5,'sizeof','typeof','&','*')
insert into choices(idQuestion,A,B,C,D)values(6,'IsFixedSize','IsReadOnly','Length','None of the above.')
insert into choices(idQuestion,A,B,C,D)values(7,'Classes are reference types and structs are value types.','Structures do not support inheritance.','Structures cannot have default constructor','All of the above.')
insert into choices(idQuestion,A,B,C,D)values(8,'Inheritance','Encapsulation','Polymorphism','Abstraction')
insert into choices(idQuestion,A,B,C,D)values(9,'Inheritance and Encapsulation','Encapsulation and Polymorphism','Encapsulation and Abstraction','Abstraction and Polymorphism')
insert into choices(idQuestion,A,B,C,D)values(10,'act in a manner that is in the best interests of his expertise and favour.','act consistently with the public interest','ensure that their products only meet the SRS.','all of the mentioned ')
insert into choices(idQuestion,A,B,C,D)values(11,'responsiveness','licensing','memory utilization','processing time')
insert into choices(idQuestion,A,B,C,D)values(12,'Software companies','Software Developers','Both Software companies and Developers','All of the mentioned')
insert into choices(idQuestion,A,B,C,D)values(13,'#','##','$','\')
insert into choices(idQuestion,A,B,C,D)values(14,'#include <file>','#include ìfileî','#include <file','All of the above are invalid.')
insert into choices(idQuestion,A,B,C,D)values(15,'Float, long double','long double, short int','float, double, long double','short int, double, long int, float')
insert into choices(idQuestion,A,B,C,D)values(16,'dealloc();','strcat();','free();','memcpy();')
insert into choices(idQuestion,A,B,C,D)values(17,'Yes','An operation with two operand is called unary operation','An operation with unlimited operand is called unary operation','None of the above')

----------------------QuestionExam_Student Table-----------------
insert into QuestionExam_Student (id_Exam,id_Student) values(11,1)
insert into QuestionExam_Student (id_Exam,id_Student) values(11,2)
insert into QuestionExam_Student (id_Exam,id_Student) values(11,3)
insert into QuestionExam_Student (id_Exam,id_Student) values(3,1)

------------------ MultipleAnswer_Student Table ---------
insert into  MultipleAnswer_Student values(11,1,1,'java')
insert into  MultipleAnswer_Student values(11,1,8,'Encapsulation and Abstraction')
insert into  MultipleAnswer_Student values(11,1,9,'Inheritance')

insert into  MultipleAnswer_Student values(11,2,1,'SmallTalk')
insert into  MultipleAnswer_Student values(11,2,8,'Inheritance and Encapsulation')
insert into  MultipleAnswer_Student values(11,2,9,'Inheritance')


insert into  MultipleAnswer_Student values(11,3,1,'SmallTalk')
insert into  MultipleAnswer_Student values(11,3,8,'Inheritance and Encapsulation')
insert into  MultipleAnswer_Student values(11,3,9,'Inheritance')

-----------------TrueAndFalseAnswer_Student Table----------
insert into TrueAndFalseAnswer_Student values(11,1,18,'True')
insert into TrueAndFalseAnswer_Student values(11,1,44,'False')
insert into TrueAndFalseAnswer_Student values(11,1,45,'False')
insert into TrueAndFalseAnswer_Student values(11,1,46,'False')
insert into TrueAndFalseAnswer_Student values(11,1,47,'True')
insert into TrueAndFalseAnswer_Student values(11,1,48,'True')

insert into TrueAndFalseAnswer_Student values(11,2,18,'False')
insert into TrueAndFalseAnswer_Student values(11,2,44,'True')
insert into TrueAndFalseAnswer_Student values(11,2,45,'True')
insert into TrueAndFalseAnswer_Student values(11,2,46,'True')
insert into TrueAndFalseAnswer_Student values(11,2,47,'False')
insert into TrueAndFalseAnswer_Student values(11,2,48,'False')

insert into TrueAndFalseAnswer_Student values(11,3,18,'True')
insert into TrueAndFalseAnswer_Student values(11,3,44,'False')
insert into TrueAndFalseAnswer_Student values(11,3,45,'True')
insert into TrueAndFalseAnswer_Student values(11,3,46,'False')
insert into TrueAndFalseAnswer_Student values(11,3,47,'False')
insert into TrueAndFalseAnswer_Student values(11,3,48,'True')

-------------------TextAnswer_Student Table-------------
insert into TextAnswer_Student values(11,1,48,'Must have abstract and Inheritance')
insert into TextAnswer_Student values(11,1,49,'Must have abstract and ploymorphism ')
insert into TextAnswer_Student values(11,1,50,'makes coplex code easier to developer')
insert into TextAnswer_Student values(11,1,51,'part of class')
insert into TextAnswer_Student values(11,1,52,'ploymorphism,Inheritance')
insert into TextAnswer_Student values(11,1,53,'extensable program code template for creating object')
insert into TextAnswer_Student values(11,1,54,'Structure is a value type and a class is a reference type')

insert into TextAnswer_Student values(11,2,48,'Must have abstract and Inheritance')
insert into TextAnswer_Student values(11,2,49,'Must have abstract and Inheritance')
insert into TextAnswer_Student values(11,2,50,'makes coplex code easier to developer')
insert into TextAnswer_Student values(11,2,51,'part of class')
insert into TextAnswer_Student values(11,2,52,'Encapsulation ,Inheritance')
insert into TextAnswer_Student values(11,2,53,'extensable program code template for creating object')
insert into TextAnswer_Student values(11,2,54,'Structure is a value type and a class is a reference type')

insert into TextAnswer_Student values(11,3,48,'Must have abstract and Inheritance')
insert into TextAnswer_Student values(11,3,49,'Must have abstract and ploymorphism ')
insert into TextAnswer_Student values(11,3,50,'makes coplex code easier to developer')
insert into TextAnswer_Student values(11,3,51,'part of class')
insert into TextAnswer_Student values(11,3,52,'ploymorphism,Inheritance')
insert into TextAnswer_Student values(11,3,53,'extensable program code template for creating object')
insert into TextAnswer_Student values(11,3,54,'Structure is a value type and a class is a reference type')


















